{
    "name": "exp0",
    "num_frames": 61200,
    "frames_per_sec": 60,
    "orig_resolution": [
        1600,
        1400
    ],
    "px_per_mm": 90,
    "init_position": [
        1300,
        1200
    ],
    "comments": "",
    "ms_per_frame": 16.666666666666668,
    "mm_per_px": 0.011111111111111112
}