{
    "name": "exp2",
    "num_frames": 65000,
    "frames_per_sec": 60,
    "orig_resolution": [
        1550,
        1400
    ],
    "px_per_mm": 92,
    "init_position": [
        300,
        700
    ],
    "comments": "",
    "ms_per_frame": 16.666666666666668,
    "mm_per_px": 0.010869565217391304
}