{
    "name": "exp1",
    "num_frames": 65000,
    "frames_per_sec": 60,
    "orig_resolution": [
        1500,
        1380
    ],
    "px_per_mm": 90,
    "init_position": [
        900,
        700
    ],
    "comments": "",
    "ms_per_frame": 16.666666666666668,
    "mm_per_px": 0.011111111111111112
}