{
    "name": "experiment3",
    "num_frames": 65000,
    "frames_per_sec": 60,
    "orig_resolution": [
        1400,
        1500
    ],
    "px_per_mm": 88,
    "init_position": [
        132,
        1032
    ],
    "comments": "",
    "ms_per_frame": 16.666666666666668,
    "mm_per_px": 0.011363636363636364
}